contig	reference strand	left heptamer index	left nonamer index	left heptamer	left nonamer	right heptamer index	right nonamer index	right heptamer	right nonamer	start of gene	gene sequence
IGH_NC_036917.1	+	87826563	87826542	CATTGTG	GGTTTCTGT	87826588	87826607	CACTGTG	TCGGAAACC	87826564	ATTGTGGTAGCCACTGCTATACCC
IGH_NC_036917.1	+	3163569	3163548	CACTGTG	AGTTTTTGT	3163590	3163608	CACAGTG	ACAGAGACC	3163570	ACTGTGACTGGGGATATACG
IGH_NC_036917.1	+	87849513	87849492	CACTGTG	GGTTTTTGA	87849551	87849570	CACAGTG	CCCCAAACC	87849514	ACTGTGGTTGTAATAGGTACCATCACTATAGTAATAC
IGH_NC_036917.1	+	87859252	87859231	CGCTGTG	GGTTTTTGA	87859290	87859309	CACAGTG	CCCCAAACC	87859253	GCTGTGGTTATAATAACTACCCCAACTATAGTAATAC
IGH_NC_036917.1	+	87868100	87868079	CACTGTG	GGTTTTTGA	87868138	87868157	CACAGTG	CCCCAAACC	87868101	ACTGTGGTTATAATAACCACTACCACTATAGTAATAC
IGH_NC_036917.1	-	87861566	87861585	CACTGTG	GGATTTTGT	87861528	87861507	CACAGTG	TCCCAAAGC	87861573	GAGGATATTGTAGTGGTGGTAACTGCTATAC
IGH_NC_036917.1	-	87854815	87854834	CACAGTG	GGATTCTGA	87854791	87854770	CACTGTG	TCCAAAACT	87854822	GGGTATAACTGGAACTA
IGH_NC_036917.1	-	87852160	87852179	CACTGTG	GGATTTTGT	87852122	87852101	CACAGTG	TCCCAAAGC	87852167	GAGGATATTGTAGTGGTGGTAGCTGCTACGC
IGH_NC_036917.1	-	87848403	87848422	TACTGTG	GCTTTTTGT	87848377	87848356	CACAGTG	GCAAAAACT	87848410	GTGACTACAGTGCTAACTA
IGH_NC_036917.1	-	87845932	87845951	CACAGTG	GGTTTCTGA	87845901	87845880	CACAGTG	CCAGAAACC	87845939	GGGGTATAGCAGCAGCAGCTGGTA
IGH_NC_036917.1	-	87842779	87842798	CACTGTG	GGATTTTGT	87842741	87842720	CACAGTG	TCCCAAAGC	87842786	GAGGATATTGTAGTGGTAGTGGCTGCTACGC
IGH_NC_036917.1	-	87836527	87836546	CACAGTG	GGTTTCTGA	87836499	87836478	CACAGTG	CCAGAAACC	87836534	GGGGTATAGCAGCGGCTGGTC
IGH_NC_036917.1	-	87833363	87833382	CACTGTG	GGATTTTGT	87833325	87833304	CACAGTG	TCCCAAAGC	87833370	GAGGATATTGTAGTGGTGGTAGCTGCTACGC
IGH_NC_036917.1	+	87826563	87826542	CATTGTG	GGTTTCTGT	87826588	87826607	CACTGTG	TCGGAAACC	87826564	GTAGCCACTGCTATACCC
IGH_NC_036917.1	+	3163569	3163548	CACTGTG	AGTTTTTGT	3163590	3163608	CACAGTG	ACAGAGACC	3163570	ACTGGGGATATACG
IGH_NC_036917.1	+	87849513	87849492	CACTGTG	GGTTTTTGA	87849551	87849570	CACAGTG	CCCCAAACC	87849514	GTTGTAATAGGTACCATCACTATAGTAATAC
IGH_NC_036917.1	+	87859252	87859231	CGCTGTG	GGTTTTTGA	87859290	87859309	CACAGTG	CCCCAAACC	87859253	GTTATAATAACTACCCCAACTATAGTAATAC
IGH_NC_036917.1	+	87868100	87868079	CACTGTG	GGTTTTTGA	87868138	87868157	CACAGTG	CCCCAAACC	87868101	GTTATAATAACCACTACCACTATAGTAATAC
IGH_NC_036917.1	-	87861566	87861585	CACTGTG	GGATTTTGT	87861528	87861507	CACAGTG	TCCCAAAGC	87861573	GAGGATATTGTAGTGGTGGTAACTGCTATAC
IGH_NC_036917.1	-	87854815	87854834	CACAGTG	GGATTCTGA	87854791	87854770	CACTGTG	TCCAAAACT	87854822	GGGTATAACTGGAACTA
IGH_NC_036917.1	-	87852160	87852179	CACTGTG	GGATTTTGT	87852122	87852101	CACAGTG	TCCCAAAGC	87852167	GAGGATATTGTAGTGGTGGTAGCTGCTACGC
IGH_NC_036917.1	-	87848403	87848422	TACTGTG	GCTTTTTGT	87848377	87848356	CACAGTG	GCAAAAACT	87848410	GTGACTACAGTGCTAACTA
IGH_NC_036917.1	-	87845932	87845951	CACAGTG	GGTTTCTGA	87845901	87845880	CACAGTG	CCAGAAACC	87845939	GGGGTATAGCAGCAGCAGCTGGTA
IGH_NC_036917.1	-	87842779	87842798	CACTGTG	GGATTTTGT	87842741	87842720	CACAGTG	TCCCAAAGC	87842786	GAGGATATTGTAGTGGTAGTGGCTGCTACGC
IGH_NC_036917.1	-	87836527	87836546	CACAGTG	GGTTTCTGA	87836499	87836478	CACAGTG	CCAGAAACC	87836534	GGGGTATAGCAGCGGCTGGTC
IGH_NC_036917.1	-	87833363	87833382	CACTGTG	GGATTTTGT	87833325	87833304	CACAGTG	TCCCAAAGC	87833370	GAGGATATTGTAGTGGTGGTAGCTGCTACGC
