contig	reference strand	heptamer index	nonamer index	heptamer	nonamer	best aligned human gene	alignment direction	alignment PI	longest common k-mer	start of gene	gene sequence
IGH_scaffold_2_arrow_ctg1	-	778	749	CACAGTG	GTCAGAAAC	IGHV1-2*01	+	89.23611111111109	40	785	AGGTCCAGCTGGTGCAGCCTGGGGCTGAGGTGAGGAAGCCTGGGGCCTCCGTGAAGGTGTCCTGCAAGGCTTCCGGATACACCTTCACCAGCTACAATATGCACTGGGTGAGACAGGCCCCAGGACAAGGGCTTGAATGGATGGGATATATCTACCCTAACAGTGGTGGCACAAGCTACGCACAGAAGTTCCAGGGCAGAGTCACCATCACCGCAGACAAATCCACCAGCACAGCCTACATGGAGCTGAGCAGTCTGAGACCTGAGGACACAGCTGTGTATTACTGTG
IGH_scaffold_2_arrow_ctg1	-	31213	31184	CACAGTG	GTCAGAAAC	IGHV1-2*01	+	92.7083333333333	47	31220	AGGTCCAGCTGGTGCAGCCTGGGGCTGAGGTGAGGAAGCCTGGGGGCTCCGTGAAGGTGTCCTGCAAGGCTTCCGGATACACCTTCACCAGCTACTATATGCACTGGGTGCGACAGGCCCCGGGACAAGGGCTTAAGTGGATGGGACGGATCAACCCTAACAGTGGTGGCACAGACTACGCACAGAAGTTCCAGGGCAGAGTCACTATGACCAGGGACACGTCCACCAGCACAGCCTACATGGAGCTGAGCAGTCTGAGACCTGAGGACACGGCCGTGTATTACTGTG
IGH_scaffold_2_arrow_ctg1	-	36968	36939	CACAGTG	GACACAAAC	IGHV3-23*01	+	91.00346020761249	59	36975	GAGGTGCAGCTGGTGGAGTCTGGGGGAGGCTTGATGCAGCCTGGGGGGTCTCTGCGCCTCTCCTGTGCAGCCTCTGGATTCACCTTCAGTAGCTACTGGATGCACTGGGTCCGCCAGGCTCCAGGGAAGGGGCTGGAGTGGGTCTCAGCCATTAGTAATGGTGGTGGTAGCACATACTACGCCGACTCCGTGAAGGGCCGATTCACCATCTCCAGAGACAACGCCAAGAACACGTTGTATCTGCAAATGACCAGCCTGAGAGCTGATGACACGGCCGTGTATTACTGTG
IGH_scaffold_2_arrow_ctg1	-	25179	25150	CACAGTG	GACACAAAC	IGHV3-23*01	+	90.3114186851211	40	25186	GAGGTGCAGCTGGTGGAGTCTGGGGGAGGCTTTGTGCAGCCTGGGGGATCTCTGCGACTCTCCTGTGCAGCCTCTGGATTCACCTTCAGTGACTATGGCATGAACTGGGTCCGCCAGGCTCCAGGGAAGGGCCTGGAGTGGGTCTCATACATTACTTATGGTGGTGGTAGCACATACTACGCCGACTCCGTGAAGGGCCGATTCACCATCTCCAGAGACAACAACAAGAACACGCTGTATCTGCAAATGACCAGCCTGAGAGCTGACGACACGGCCGTGTATTACTGTG
IGH_scaffold_2_arrow_ctg1	-	18512	18483	CACAGTG	GTCAGAAAC	IGHV1-18*01	+	87.5	32	18519	AGGTCCAGCTGGTGCAGCCTGGGGCTGAGGTGAGGAAGCCTGGGGCCTCCGTGAAGGTGTCCTGCAAGGCTTCCGGATACACCTTCACCAGCTACTGGATGAGCTGGGTGCGACAGGCCCCAGGACAAGGGCTTGAGTGGATGGGACGAATAGACCCTTCGGATAGTGAAACAAAGTACGCACAGAAGTTCCAGGGCAGAGTCACCATCACCGCAGACAAATCCACCAGCACAGCCTACATGGAGCTGAGCAGTCTGAGACCTGAGGACACGGCCGTGTATTACTGTG
IGH_scaffold_2_arrow_ctg1	-	12489	12460	CACAGTG	GACACAAAC	IGHV3-21*01	+	91.00346020761249	45	12496	GAGGTGCAGCTGGTAGAGTCTGGGGGAGGCTTGGTGCAGCCTGGGGCGTCTCTGCGCCTCTCCTGTGCAGCCTCTGGATTCACCTTCAGTAGCTATGGCATGAGCTGGGTCCGCCAGGCTCCAGGGAAGGGCCTGGTGTGGGTCTCATACATTAGTAGTGGTGGTAGTTACATAAACTACGCCGACTCCGTGAAGGGCCGATTCACCATCTCCAGAGACAACAACAAGAACACGCTGTATCTGCAAATGACCAGCCTGAGAGCTGATGACACGGCCGTGTATTACTGTG
IGH_scaffold_56_arrow_ctg1	-	176474	176445	CACAGTG	GACACAAAC	IGHV4-30-4*02	+	74.14965986394559	40	176481	AGGTGCAGCTGCAGGAGTCGGGCCCAGGACTGGTGAAGCCCTCGCAGACCCTGTCCCTTACCTGCACTGTCTCTGGATTCTCTTTAACCAGCTATGGTGTGCACTGGACACGCCAGGCTCCAGGACAGGGGCTGGAGTGGGTTGGTGTTATATGGAGTGATGGAAGCACAAACTATAACCCAACGCTTAAGTCCCGGCTCAGCATCACCAGGGACACCTCCAAGAGCCAAGTTTATTTAACAGTGAAAAGCCTGACAGCCGAGGACACGGCCGTGTATTACTGTG
IGH_scaffold_56_arrow_ctg1	-	50522	50493	CACAGTG	GACACAAAC	IGHV4-30-2*01	+	81.2286689419795	41	50529	CAGGTGCAGCTGCAGGAGTCGGGCCCAGGACTGGTGAAGCCCTCACAGACCCTGTCCCTCACCTGCGCTGTCTCTGGATTTTCCATCACAACCAGTGGTTACTGCTGGAGCTGGATCCGGCAGCCCCCGGGGAAGGGACTGCAGTGGATCGGGGTCATATGTGACGATGGGAGCATAGCATATAATTCGGCCCTCAAGAGCCGCACCTCCGTCACCAGAGACACATCCAAGAACCAGTTCTCCCTGCAGCTGAAATCTGTGACGACCGAGGACACTCCCGTGTATTACTGTG
IGH_scaffold_56_arrow_ctg1	-	139582	139553	CACAGTG	GTCAGAAAC	IGHV7-4-1*01	+	86.11111111111109	30	139589	AGGTCCAGCTGGTGCAGCCTGGGGCTGAGGTGAGGAAGCCTGGGGCCTCCGTGAAGGTGTCCTGCAAGGCTTCCGGATACACCTTCACCAGCTATGCTATGCACTGGGTGCGACAGGCCCCAGGACAAGGGCTTCAGTATATTGGATGGATCAACACAAATACAGGAAACCCAACATACGCCCAAGGATTCTCAGATAGATTTGTGTTCTCCATGGACACCTCTGTCAGCACGGCCTATCTGCAGATAAACAGCCTGAAGTCTGAGGACACGGCTGTGTATTACTGTG
IGH_scaffold_56_arrow_ctg1	-	187704	187674	CACAGTG	CAGAAACCC	IGHV1-46*01	+	87.5	30	187711	AGGTCCAGCTGGTGTAGCCTGGGGCTGAGGTGAGGAAGCCTGGGGCCTCCGTAAAGGTGTCCTGCAAGGCTTCCGGATACACCTTCACCAGCTACAATATGCACTGGGTGCGACAGGCCCCAGGACAAGGGCCTGAGAGGATGGGACGAATTGACCCTGAAAATAGTAGCACAAAGTACCCACAGAATTTCCAGGGCAGAGTCACCATCACCGCAGACACATCCACCAGCACAGCCTACATGGAGCTGAGCAGTCTGAGACCTGAGGACACGGCCGTGTATTACTGTG
IGH_scaffold_56_arrow_ctg1	-	203055	203026	CACAGTG	GTCAGAAAC	IGHV1-46*01	+	87.8472222222222	32	203062	AGGTCCAGCTGGTGCAGCCTGGGGCCGAGGTGAGGAAGCCTGGGGCCTCCGTGAAGGTGTCCTGCAAGGCTTCCGGATACACCTTCACCAGCTCTTATATGCACTGGGTGCGACAGGCCCCAGGACAAGGGCTTGAGTGGATGGGACGAATAGACCCTTCGGATAGTGAAACAAAGTACGCACAGAAGTTCCAGGGCAGAGTCACCATCACCGCAGACAAATCCACCAGCACAGCCTACATGGAGCTGAGCAGTCTGAGACCTGAGGACACGGCCGTGTATTACTGTG
IGH_scaffold_56_arrow_ctg1	-	117543	117514	CACAGTG	GACACAAAC	IGHV3-21*01	+	90.3114186851211	67	117550	GAGGTGCAGCTGGTGGAGTCTGGGGGAGGCTTGGTGCAGCCTGGGGGGTCTCTGCGCCTCTCCTGTGCAGCCTCAGGTTTCACCTTCAGTAGCTATTGCATGGACTGGGTCCGCCAGGCTCCAGGAAAGGGACTAGAGTGGGTCTCATACATTAGTAGCAGTGGTGGTAGCACATACTACGCCGACTCCGTGAAGGGCCGATTCACCATCTCCAGAGACAACGCCAAGAACACGCTGTATCTGCAAATGACCAGCCTGAGAGCTGACGACACGGCCGTGTATTACTGTG
IGH_scaffold_56_arrow_ctg1	-	261405	261376	CACAGTG	GACACAAAC	IGHV3-30*02	+	92.36111111111109	58	261412	AGGTGCAGCTGGTGGAGTCTGGGGGAGGCTTGGTGCAGCCTGGGGGGTCTCTGCGCCTCTCCTGTTCAGCCTCTGGATTCACCTTCAGTAGCTATGGCATGCACTGGGTCCGCCAGGCTCCAGGGAAGGGCCTGGAGTGGGTGGCAGTTATATGGTATGATGGAAGTCAGAAATACTACGCCGACTCCGTGAAAGGCCGATTCACCATCTCCAGAGACAACAACAAGAACACGCTGTATCTGCAAATGACCAGCCTGAGAGCCGACGACACGGCCGTGTATTACTCTG
IGH_scaffold_56_arrow_ctg1	-	85239	85210	CACAGTG	GACACAAAC	IGHV3-48*01	+	92.73356401384079	49	85246	GAGGTGCAGCTGGTGGAGTCTGGGGGAGGCTTGGTGCAGCCTGGGGGGTCTCTGCGCCTCTCCTGTGCAGCCTCTGGATTCACCTTCAGTAACTATGAGATGCACTGGGTCCGCCAGGCTCCAGGGAAGGGGCTGGAGTGGGTCTCATACATTAGTAGTGGTGGTGGTACCACATACTACGCCAACTCCGTGAAGGGCCGATTCACCATCTCCAGAGACAACGCCAAGAACACATTGTATCTGCAAATGACCAGCCTGAGAGCCGAGGACACGGCCGTGTATTACTGTG
IGH_scaffold_56_arrow_ctg1	-	55526	55497	CACAGTG	GACACAAAC	IGHV3-23*01	+	91.34948096885809	45	55533	GAGGTGCAGCTGGTGGAGTCTGGGGGAGGCTTGGTGCAGCCTGGGGGGTCTCTGCGCCTCTCCTGTGCAGCCTCTGGATTCACCTTCAGTAGCTACTGGATGAGCTGGGTCCGCCAGGCTCCAGGGAAGGGCCTGGAGTGGGTCTCATACATTAGTGGTAGTGGTGGTAGCACATACTACGCCGACTCCGTGAAGGGCCGATTCACCATCTGCAGAGACAACGCCAAGAACACGCTGTATCTGCAAATACCAGCCTGAGAGCTGACGACATGGCCGTGTATTACTGTG
IGH_scaffold_56_arrow_ctg1	-	163538	163509	CACAGTG	GACACAAAC	IGHV3-74*01	+	89.96539792387541	48	163545	GAGGTGCAGCTGGTGGAGTCTGGGGGAGGCTTGGTGCAGCCTGGGGGGTCTCTGCGCCTGTCCTGTGTAGCCTCTGGATTCACCTTCAGTAGCTACTGGATGCACTGGGTCCGCCAGGCTCCAGGGAAGGGGCTGCAATGGGTTGGTCAAATTAATACTGATGGAAGTAGCACATACTACGCCGACTCCGTGAAGGGCCGATTCACCATCTCCAGAGACAACAACAAGAACACGCTGTATCTGCAAATGACCAGCCTGAGAGCCGACGACACGGCCGTGTATTACTGTG
IGH_scaffold_56_arrow_ctg1	-	35014	34985	CACAGTG	GACACAAAC	IGHV4-30-2*01	+	81.2286689419795	41	35021	CAGGTGCAGCTGCAGGAGTCGGGCCCAGGACTGGTGAAGCCCTCACAGACCCTGTCCCTCACCTGCGCTGTCTCTGGATTTTCCATCACAACCAGTGGTTACTGCTGGAGCTGGATCCGGCAGCCCCCGGGGAAGGGACTGCAGTGGATCGGGGTCATATGTGACGATGGGAGCATAGCATATAATTCGGCCCTCAAGAGCCGCACCTCCGTCACCAGAGACACATCCAAGAACCAGTTCTCCCTGCAGCTGAAATCTGTGACGACCGAGGACACTCCCGTGTATTACTGTG
IGH_scaffold_56_arrow_ctg1	-	226990	226961	CACAGTG	GACACAAAC	IGHV3-69-1*01	+	89.61937716262979	39	226997	GAGGTGCAGCTGGTGGAGTCTGGGGGAGGCTTGGTGCAGCCTGGGGGGTCTCTGCGCCTCTCCTGTGCAGCCTCTGGATTCACCTTCAGTGACTACAGCATGAACTGGGTTCGCCAGGCTCCAGGAAAGGGACTGGAGTGGGTCTCATACATCAGTTATAATGGTGGTAGCACATCCTACGCCGACTCCGTGAAGGGCCGATTCACCATCTCCAGAGACAACAACAAGAACACGCTGTATCTGCAAATGACCAGCCTGAGAGCCGACGACACGGCCGTGTATTACTGTG
IGH_scaffold_56_arrow_ctg1	-	220333	220304	CACAGTG	GTCAGAAAC	IGHV1-46*01	+	88.58131487889271	32	220340	AGGTCCAGCTGGTGCAGCCTGGGGCTGAGGTGAGGAAGCCTGGGGCCTCCGTGAAGGTGTCCTGAAGGCTTCCGGATACACCTTCACCAGCTACTTATATGCACTGGGTGCGACAGGCCCCAGGACAAGGGCTTGAGTAGATGGGACGGATCTACCCTGGCAGTGGTGGCACAAGCTACGCACAGAAGTTCCAGGGCAGAATCACCATCACCGCAGACACGTCCACCAGCACAGCCTACATGGAGCAGTCTGAGACCTGAGGACACGGCCGTGTATTACTGTG
IGH_scaffold_56_arrow_ctg1	-	156840	156811	CACAGTG	GTCAGAAAC	IGHV1-46*01	+	90.625	32	156847	AGGTCCAGCTGGTGCAGCCTGGGGCTGAGGTGAGGAAGCCTGGGGCCTCCGTGAAGGTGTCCTGCAAGGCTTCCGGATACACCTTCACCAGCTCTTATATGCACTGGGTGCGACAGGCCCCAGGACAAGGGCTTGAGTGGATGGGACGGATCTACCCTGGCAGTGGTGGCACAAGCTACGCACAGAAGTTCCAGGGCAGAATCACCATCACCGCAGACACGTCCACCAGCACAGCCTACATGGAGCTGAGCAGTCTGAGACCTGAGGACACGGCCGTGTATTACTGTG
IGH_scaffold_56_arrow_ctg1	-	72868	72839	CACAGTG	GTCAGAAAC	IGHV1-2*01	+	86.4583333333333	30	72875	AAGTCCAGCTGGTGCAGCCTGGGGCTGAGGTGAGGAAGCCTGGGGCCTCCGTGAAGGTGTCCTGCAAGGCTTCCGGATACACCTTCACTGACTACTGGATGCAGTGGGTGCGACAGGCCCCAGGACAAGGGCTTGAGTGAATAGGGGAGATCTATGTAGGCAATGGTGGCACAAACTATGCGCAGAAGTTCCAGGGCAGAGTCACCATCCCCGCAGACACGTCCACCAGCACAGCCTACATGGAGCTGAGCAGTCTGAGACCTGAGGACACGGCCGTGTATTACTGTG
IGH_scaffold_56_arrow_ctg1	-	92822	92793	CACAGTG	GACACAAAC	IGHV3-23*01	+	89.96539792387541	39	92829	GAGGTGCAGCTGTTGGAGTCTGGGGGAGGCTTGGTGCAGCCTGGGGGGTCTCTGCGCCTCTCCTGTGCAGCCTCTGGATTCACCTTCAGTGACTATGGCATGAACTGGGTTCGCCAGGCTCCAGGAAAGGGACTGGAGTGGGTCTCATACATCAGTTATAATGGTGGTAGCACATACTACGCCGACTCCGTGAAGGGCCGATTCACCATCTCCAGAGACAACAACAAGAACACGCTGTATCTGCAAATGACCAGCCTGAGAGCCGACGACACGGCCGTGTATTACTGTG
IGH_scaffold_56_arrow_ctg1	-	241278	241249	CACAGTG	GTCAGAAAC	IGHV1-18*01	+	87.1527777777778	32	241285	AGGTCCAGCTTGTGCAGCCTGGGGCTGAGGTGAGGAAGCCTGGGGCCTCCGTGAAGGTGTCCTGCAAGGCTTCCGGATACACCTTCACCAGCTACTGGATGAGCTGGGTGCGACAGGCCCCAGGACAAGGGCTTGAGTGGATGGGACGAATAGACCCTTCGGATAGTGAAACAAAGTACGCACAGAAGTTCCAGGGCAGAGTCACCATCACCGCAGACAAATCCACCAGCACAGCCTACATGGAGCTGAGCAGTCTGAGACCTGAGGACACGGCCGTGTATTACTGTG
IGH_scaffold_56_arrow_ctg1	-	43600	43571	CACAGTG	GTCAGAAAC	IGHV1-46*01	+	89.23611111111109	39	43607	AGGTCCAGCTGGTGCAGCCTGGGGCTGAGGTGAGGAAGCCTGGGGCCTCCGTGAAGGTGTCCTGCAAGGCTTCCGGATACACCTTCACTGACTACTGGATGAGCTGGGTGCGACAGGCCCCAGGACAAGGGCTTGAGTGGATGGGATATATCTACCCTAGTAGTGGTTACACAAGCTACGCACAGAAGTTCCAGGGCAGAGTCACCATCACCGCAGACACGTCCACCAGCACAGCCTACATGGAGCTGAGCAGTCTGAGACCTGAGGACACAGCCGTGTATTACTGTG
IGH_scaffold_56_arrow_ctg1	-	209991	209962	CACAGTG	GACACAAAC	IGHV4-28*01	+	83.56164383561641	41	209998	CAGGTGCAGCTGCAGGAGTCGGGCCCAGGACTGGTGAAGCCCTCGCAGACCCTGTCCCTCACCTGCGCTGTCTCTGGATTCTCCATCACAACCAGTGGTTACTGCTGGCACTGGATCCGACAGCTCCCGGGGAAGGGACTGGACTGGATTGCGATCATATGTTATGATGGGAGCACAGCATACAATCCGGCCCTGAAGAGCCGCTCCTCCATCTCCAGAGACACATCCAAGAACCAGTTCTCCCTGCAGCTGAAATCTGTGACCACCGAGGACACGGCCGTGTATTACTGTG
IGH_scaffold_56_arrow_ctg1	-	79423	79394	CACAGTG	GACACAAAC	IGHV4-28*01	+	84.93150684931508	41	79430	CAGGTGCAGCTGCAGGAGTCGGGCCCAGGACTGGTGAAGCCCTCACAGACCCTGTCCCTCACCTGCGCTGTCTCTGGATTCTCCATCACAACCAGTGGTTACTGCTGGCACTGGATCCGACAGCCCCGGGGGACGGGACTGGACTGGATCGGGCGCATATGTTATGAAGGGAGCACTAACTACAGCCCGTCCCTCAAGAGCCGCACCTCCATCTCCAGAGACACGTCCAAGAACCAGTTCTCCCTGCAGCTGAGCTCTGTGACCACCGAGGACACGGCCGTGTATTACTGTG
IGH_scaffold_56_arrow_ctg1	-	248893	248864	CACAGTG	GACACAAAC	IGHV3-48*01	+	89.3835616438356	59	248900	GAGGTGCAGCTGGTGGAGTCTGGGGGAGGCTTGGTGCAGCCTGGGGGGTCTCTGCGACTCTCCTGTGCAGCCTCTGGATTCACCTTCAGTAGCTACTGGATGCACTGGGTCCGCGAGGCTCCAGGGAAGGGCCTGAAGTGGGTCTCATACATTACTTATGGTGGTGGTGGTACCATATACTACGCCGACTCCGTGAAGGGCCGATTCACCATCTCGAGAGACAACAACAAGAACACGCTGTATCTGCAAATGACCAGCCTGAGAGCCGACGACACGGCCGTGTATTACTGTG
IGH_scaffold_56_arrow_ctg1	-	146490	146461	CACAGTG	GACACAAAC	IGHV4-28*01	+	83.2191780821918	41	146497	CAGGTGCAGCTGCAGGAGTCGGGCCCAGGACTGGTGAAGCCCTCGCAGACCCTGTCCCTCACCTGCGCTGTCTCTGGATTCTCCATCACAACCAGTGGTTACTGCTGGCACTGGATCCGACAGCCCCTGGGGAAGGGACTGGACTGGATTGCGATCATATGTTATGATGGGAGCACAGCATACAATCCGGCCCTGAAGAGCCGCTCCTCCATCTCCAGAGACACATCCAAGAACCAGTTCTCCCTGCAGCTGAAATCTGTGACCACCGAGGACACTGCCGTGTATTACTGTG
IGH_scaffold_56_arrow_ctg1	-	266260	266231	CACAGTG	GTCAGAAAC	IGHV1-2*01	+	90.625	40	266267	AGGTCCAGCTGGTGCAGCCTGGGGCTGAGGTGAGGAAGCCTGGGGCCTCCGTGAAGGTGTCCTGCAAGGCTTCCGGATACACCTTCACCAGCTACTGGATGCAATGGGTGCGACAGGCCCCAGGACAAGGGCTTGAGTGGATGGGATGGATCTACCCTGGCAGTGGTGGCACAAGCTACGCACAGAAGTTCCAGGGCAGAGTCACCATCACCGCAGACACGTCCACCAGCACAGCCTACATGGAGCTGAGCAGTCTGAGACCTGAGGACACGGCCGTGTATTACTGTG
IGH_scaffold_56_arrow_ctg1	-	254477	254448	CACAGTG	GTCAGAAAC	IGHV1-2*01	+	89.5833333333333	39	254484	AGGTCCAGCTGGTGCAGCCTGGGGCTGAGGTGAGGAAGCCTGGGGCCTCCGTGAAGGTGTCCTGCAAGGCTTCCGGATACACCTTCACCAGCTCTTATATGCACTGGGTGCGACAGGCCCCAGGACAAGGGCTTGAGTGGATGGGATATATCTACCCTAACAATGGTGTCACAAGCTACGCACAGAAGTTCCAGGGCAGAGTCACCATCACCGCAGACAAATCCACCAGCACAGCCTACATGGAGCTGAGCAGTCTGAGACCTGAGGACACGGCCGTGTATTACTGTG
IGH_scaffold_56_arrow_ctg1	-	273412	273383	CACAGTG	GACACAAAC	IGHV3-23*01	+	91.00346020761249	59	273419	GAGGTGCAGCTGGTGGAGTCTGGGGGAGGCTTGGTGCAGCCTGGGGGGTCTCTGCGCCTCTCCTGTGCAGCCTCTGGATTCACCTTCAGTAGCTACTGGATGCACTGGGTCCGCCAGGCTCCAGGGAAGGGACTAGAGTGGGTCTCAGCCATTAGTAATGGTGGTGGTAGCACATACTACGCCGACTCCGTGAAGGGCCGATTCACCATCTCCAGAGACGACGCCAAGAACACGCTGTATCTGCAAATGACCAGCCTGAGAGCCGACGACACGGCCGTGTATTACTGTG
IGH_scaffold_56_arrow_ctg1	-	11773	11744	CACAGTG	GTCAGAAAC	IGHV1-46*01	+	89.5833333333333	30	11780	AGGTCCAGCTGGTGCAGCCTGGGGCTGAGGTGAGGAAACCTGGGGCCTCCGTGAAGGTGTCCTGCAAGGCTTCCGGATACACCTTCACCAGCTACTGGATGCACTGGGTGCGACAGGCCCCGGGACAAGGGCTTGAGTGGATGGGACGAATTGACCCTGAAGATAGTGGCACAAACTACGCACAGAAATTCCAGGGCAGAGTCACCATCACCACAGACACGTCCACCAGCACAGCCTACATGGAGCTGAGCAGTCTGAGACCTGAGGACACGGCCGTGTATTACTGTG
IGH_scaffold_56_arrow_ctg1	-	133093	133064	CACAGTG	GACACAAAC	IGHV3-21*01	+	89.61937716262979	39	133100	GAGGTGCAGCTGGTGGAGTCTGGGGGAGGCTTGGTGCAGCCTGGGGGGTCTCTGCGCCTCTCCTGTGCAGCCTCAGGTTTCACCTTCAGTGACTATGGCATGAACTGGGTCTGCCAGGCTCCAGGGAAGGGCCTGGAGTGGGTCTCATACATCAGTTATAATGGTGGTTACATAAACTACGCCGACTCCGTGAAGGGCCGATTCACCATCTCCAGAGACAACAACAAGAACACGCTGTATCTGCAAATGACCAGCCTGAGAGCCGACGACACGGCCGTGTATTACTGTG
IGH_scaffold_56_arrow_ctg1	-	60388	60359	CACAGTG	GTCAGAAAC	IGHV1-2*01	+	90.625	34	60395	AGGTCCAGCTGGTGCAGCCTGGGGCTGAAGTGAGGAAACCTGGGGCCTCCGTGAAGGTGTCCTGCAAGGCTTCCGGATACACCTTCACTGACTACTATATGCACTGGGTGCGACAGGCACCAGGACAAGGGCTTGAATGGATGGGACTGATCAACCCTAACAGTGGTGGCACAAACTACGCACAGAAGTTCCAGGGCAGAGTCACCATCACCGCAGACACGTCCACCAGCACAGCCTACATGGAGCTGAGCAGACTGAGACCTGAGGACACGGCCGTGTATTACTGTG
IGH_scaffold_56_arrow_ctg1	-	68055	68026	CACAGTG	GACACAAAC	IGHV3-23*01	+	89.61937716262979	39	68062	GAGGTGCAGCTGGTGGAGTCTGGGGGAGGCTTGGTGCAGCCTGGGGGGTCTCTGCGCCTCTCCTGTGCAGCCTCTGGATTCACCTTCAGTAACTATGAGATGCACTGGGTCCGCCTGGCTCCAGGGAAGGGCCTGGAGTGGGTCTCATACATCAGATATAATGGTGGTAGCACATACTACGCCGACTCCGTGAAGGGCCGATTCACCATCTCCAGAGACAACAACAAGAACACGCTGTATCTGCAAATGACCAGCCTGAGAGCTGACGACACGGCCGTGTATTACTGTG
IGH_scaffold_56_arrow_ctg1	-	181704	181675	CACAGTG	GACACAAAC	IGHV3-7*01	+	89.65517241379308	64	181711	GAGGTGCAGCTGGTGGAGTCTGGGGGAGGCTTGGTGCAGCCTGGGGGGTCTCTGCGCCTCTCCTGTGCAGCCTCTGGATTCACCTTCAGTAGCTACTGGATGAGCTGGGTCCGCCAGGCTCCAGGGAAGGGGCTGCAATGGGTTGGTCAAATTAATACTGATGGAAGTAGCACATACTACGTCGAATCCGTGAAGGGCCGATTCACCATCTCCAGAGACAACGCCAAGAACACGCTGTATCTGCAAATGACCAGCCTGAAAGCTGACGACACGGCCGTGTATTACTGTG
IGH_scaffold_56_arrow_ctg1	-	28092	28063	CACAGTG	GTCAGAAAC	IGHV1-46*01	+	89.23611111111109	39	28099	AGGTCCAGCTGGTGCAGCCTGGGGCTGAGGTGAGGAAGCCTGGGGCCTCCGTGAAGGTGTCCTGCAAGGCTTCCGGATACACCTTCACTGACTACTGGATGAGCTGGGTGCGACAGGCCCCAGGACAAGGGCTTGAGTGGATGGGATATATCTACCCTAGTAGTGGTTACACAAGCTACGCACAGAAGTTCCAGGGCAGAGTCACCATCACCGCAGACACGTCCACCAGCACAGCCTACATGGAGCTGAGCAGTCTGAGACCTGAGGACACAGCCGTGTATTACTGTG
IGH_scaffold_56_arrow_ctg1	-	197042	197013	CACAGTG	GACACAAAC	IGHV3-21*01	+	88.58131487889271	46	197049	GAGGTGCAGCTGGTGGAGTCTGGGGAGGCTTGGTGCAGCCTGGGGGGTCTCTGCGCCTCTTCTGTGCAGCCTCAGGTTTCACCTTCAGTGCCTATGGCATGAACTGGGTCCGCCAGGCTCCAGGGAAGGGCCTGGAGTGGGTCTCATACATCAGTTATAATGGTGGTTACATAAACTACGCGGACTCCGTGAAGGGCCGATTCACCATCTCCAGAGACAACAACAAGAACACGCTGTATCTGCAAATGACCAGCCTGAGAGCTGACGACAGGGCCGTGTATTACTGTG
IGH_scaffold_56_arrow_ctg1	-	16809	16779	CACAGTG	CAGAAACCC	IGHV1-46*01	+	88.88888888888891	32	16816	AGGTCCAGCTGGTGCAGCCTGGGGCTGAGGTGAGGAAGCCTGGGCCTCCGTGAAGGTGTCCTGCAAGGCTTCCGGATACACCTTCACCAGCTACTGGATGCACTGGGTGCGACAGGCCCTGGGACAAGGGCTTGAGTGGATGGGAGCAATAGACCCTGAATATAGTATCACAAGGTACGCACAGAAGTTCCAGGGCAGAGTCACCATCACCGCAGACACGTCCACCAGCACAGCCTACATGGAGCTGAGCAGTCTGAGACCTGAGGACACGGCCGTGTATTACTGTG
IGH_scaffold_56_arrow_ctg1	-	231816	231787	CACAGTG	GTCAGAAAC	IGHV1-46*01	+	89.93055555555559	34	231823	AGGTCCAGCTGGTTCAGCCTGGGGCTGAGGTGAGGAAGCCTGGGGCCTCAGTGAAGGTGTCCTGCAAGGCTTCCGGATACACCTTCACCAGCTACTGGATGCAATGGGTGCGACAGGCCCCAGGACAAGCGCTTGAATGGATAGGGGAAATTAACCCTAGCAGTGGTAGCACAAACTACGCACAGAAGTTCCAGGGCAGAGTCACCATCACCGCAGACACGTCCACCAGCACAGCCTACATGGAGCTGAGCAGTCTGAGACCTGAGGACACGGCCGTGTATTACTGTG
IGH_scaffold_56_arrow_ctg1	-	169352	169322	CACAGTG	CAGAAACCC	IGHV1-46*01	+	88.19444444444441	39	169359	AGGTCCAGCTGGTGCAGCCTGGGGCTGAGGTGAGGAAGCCTGGGGCCTCCGTGAAGGTGTCCTGCAAGGCTTCCGGATACACCTTCACCAGCTACTGGATGCACTGGGTGCGACAGGCCCCGGGACACGGATTTGAGTGGATGGGACGGATCTACCCTGGAGATAGTGACACAAGCTACGCACAGAAGTTCCAGGGCAGAGTCACCATCACCGCAGACAAATCCACCAGCACAGCCTACATGGAGCTCAGCAGTCTGAGACCTGAGGACACGGCCGTGTATTACTGTG
IGH_scaffold_56_arrow_ctg1	-	97672	97643	CACAGTG	GTCAGAAAC	IGHV1-46*01	+	90.9722222222222	40	97679	AGGTCCAGCTGGTGCAGCCTGGGGCTGAGGTGAGGAAGCCTGGCGCCTCCGTGAAGGTGTCCTGCAAGGCTTCCGGATACACCTTCACCAGCTACAATATGCACTGGGTGCGACAGGCCCCAGGACAAGGGCTTGAATGGATGGGAGGGATCAACCCTAGTAGTGGTGGCACAAGCTACGCACAGAAGTTCCAGGGCAGAGTCACCATCACCGCAGACAAATCCACCAGCACAGCCTACATGGAGCTGAGCAGTCTGAGACCTGAGGACACGGCCGTGTATTACTGTG
IGH_scaffold_56_arrow_ctg1	-	102772	102743	CACAGTG	GTCAGAAAC	IGHV1-46*01	+	88.2758620689655	39	102779	CAGGTGTCCACTCTGCAGCCTGGGGCTGAGGTGAGGAAGCCTGGGCCTCCGTGAAGGTGTCCTGCAAGTCTTCCGGATACACCTTCACCAGTTACTATATGTACTGGGTGCGACAGGCCCCAGGACAAGGGCTTGAGTGGATGGGAGCAATATACCCTGGAGATAGTGACACAAGCTACGCACAGAAGTTCCAGGGCAGAGTCACCATCACCGCAGACACGTCCACCAGCACAGCCTACATGGAGCTGAGCAGTCTGAGACCTGAGGACACGGCCGTGTATTACTGTG
IGH_scaffold_56_arrow_ctg1	-	21876	21847	CACAGTG	GTCAGAAAC	IGHV7-4-1*01	+	86.4583333333333	30	21883	AGGTCCAGCTGGTGTAGCCTGGGGCTGAGGTGAGGAAGCCTGGGGCCTCCGTGAAGGTGTCCTGCAAGGCTTCCGGATACACCTTCACCAGCTATGGTATGAATTGGGTGCGACAGGCCCCAGGACAAGGGCTTCAGTATATTGGATGGATCAACACAAATACAGGAAACCCAACATACGCCCAAGGATTCTCAGATAGATTTGTGTTCTCCATGGACACCTCTGTCAGCACGGCCTATCTGCAGATAAACAGCCTGAAGTCTGAGGACACGGCCGTGTATTACTGTG
IGH_scaffold_58_arrow_ctg1	+	1223	1253	CACAGTG	CACAAACCT	IGHV3-21*01	+	89.0	47	925	GAGGTGCAGCTGGTGGAGTCTGGGGGAGGCTTGTGCAGCCTGGGGGATCTCTGCGACTCTCCTGTGCAGCCTCTGGATTCACCTTCAGTAGCTATGGCATGAACTGGGTCCGCCAGGCTCCAGGGAAGGGCCTGGAGTGGGTCTCATACATTACTTATGGTGGTGGTAGCATATACTACGCCGACTCCGTGAAGGGCCGATTCACCATCTCCATCTCGAGACAACAACAAGAACACGCTGTATCTGCAAATGACCAGCCTGAGAGCTGACGACACGGCCGTGTATTACTGTGCGAGGA
IGH_scaffold_58_arrow_ctg1	+	34496	34525	CACAGTG	GACACAAAC	IGHV3-74*01	+	89.8648648648649	56	34200	GAGGTGCAGCTGGTGGAGTCTGCGGGAGGCTTGGTGCAGCCTGGGGGGTCTCTGCGCCTCTCCTGTGCAGCCTCTGGATTCACCTTCAGTAGCTACTGGATGCACTGGGTCCGTCAGGCTCCAGGGAAGGGCCTGGAGTGGGTGGCAGTTATTTATGGTGATGGAAGTAGCACATACTACGCCGACTCCGTGAAGGGCCGATTCACCATCTCCAGAGACAACAACAAGAACACGTTGTATCTGCAAATGACCAGCCTGAGAGCCGACGACACGGCCGTGTATTACTGTGCGAGGGA
IGH_scaffold_58_arrow_ctg1	+	101297	101326	CACAGTG	GTCAGAAAC	IGHV1-2*01	+	90.50847457627121	34	101002	AGGTCCAGCTGGTGCAGCCTGGGGCTGAGGTGAGGAAGCCTGGGGCCTCCGTGAAGGTGTCCTGCAAGGCTTCCGGATACACCTTCACCAGCTACTGGATGAGCTGGGTGCGACAGGCCCCAGGACAAGGGCTTGAGTGGATGGGATGGATCTACCCTGGCAGTGGTGGCACAAACTACGCACAGAAGTTCCAGGGCAGAGTCACCATCACCCCAGACACGTCCACCAGCACAGCCTACATGGAGCTGAGCAGTCTGAGACCTGAGGACACGGCCGTGTATTACTGTGCGAGGGA
IGH_scaffold_58_arrow_ctg1	+	134659	134688	CACAGTG	GTCAGAAAC	IGHV1-2*01	+	88.8135593220339	34	134364	AAGTCCAGCTGGTGCAGCCTGGGGCTGAGGTGAGGAAGCCTGGGGCCTCCGTGAAGGTGTCCTGCAAGGCTTCCGGATACACCTTCACCAGCTACTGGATGAGCTGGGTGCGACAGGCCCCGGGACAGGGGCTTGAATGGATAGGGGAAATTAACCCTAACAGTGGCGGTACAAACTACGCACAGAAGTTCCAGGGCAGAGTCACTATGACCAGGGACACGTCCACCAGCACAGCCTACATGGAGCTGAGCAGTCTGAGACCTGAGGACACGGCCGTGTATTACTGTGCGAGGGA
IGH_scaffold_58_arrow_ctg1	+	168135	168164	CACAGTG	GTCAGAAAC	IGHV1-2*01	+	90.4761904761905	40	167840	AGGTCCAGCTAGTGCAGCCTGGGGCTGAGGTGAGGAAGCCTGGGGCCTCCGTGAAGGTGTCCTGCAAGGCTTCCGGATACACCTTCACCAGTAACTATATGCACTGGGTGCGACAGGCCCCAGGACAAGGTCTTGAGTGGATGGGATGGATCTACCCTGGCAGTGGTGGCACAAGCTACGCACAGAAGTTCCAGGGCAGAGTCACCATCACCACAGACACGTCCACCAGCACAGCCTACATGGAGCTGAGCAGTCTGAGACCTGAGGACACGGCCGTGTATTACTGTGCGAGGGG
IGH_scaffold_58_arrow_ctg1	+	70028	70057	CACAGTG	GACACAAAC	IGHV4-28*01	+	82.943143812709	41	69729	CAGGTGCAGCTGCAGGAGTCGGGCCCAGGACTGGTGAAGCCCTCGCAGACCCTGTCCCTCACCTGCGCTGTCTCTGGATTTTCCATCACAACCAGTGGTTACTGCTGGGACTGGATCCGACAGCCCCCGGGGAAGGGACTGGACTGGATTGCGATCATATGTTATGATGGGAGCATAGCATATAATTCGGCCCTCAAGAGCCGCACCTCCATCTCCAGAGACACATCCAAGAACCAGTTCTCCCTGCAGCTGAAATCTGTGACCACCGAGGACACGGCCGTGTATTACTGTGCGAGGGA
IGH_scaffold_58_arrow_ctg1	+	7855	7884	CACAGTG	GTCAGAAAC	IGHV1-18*01	+	87.45762711864408	32	7560	AGGTCCAGCTGGTGCAGCCTGGGGCTGAGGTGAGGAAGCCTGGGGCCTCCGTGAAGGTGTCCTGCAAGGCTTCCGGATACACCTTCACCAGCTACTGGATGAGCTGGGTGCGACAGGCCCCAGGACAAGGGCTTGAGTGGATGGGACGAATAGACCCTTCGGATAGTGAAACAAAGTACGCACAGAAGTTCCAGGGCAGAGTCACCATCACCGCAGACAAATCCACCAGCACAGCCTACATGGAGCTGAGCAGTCTGAGACCTGAGGACACGGCCGTGTATTACTGTGCGAGGGA
IGH_scaffold_58_arrow_ctg1	+	106897	106926	CACAGTG	GACACAAAC	IGHV3-23*01	+	91.2162162162162	67	106601	GAGGTGCAGCTGGTGGAGTCTGGGGGAGGCTTGGTGCAGCCTGGGGGGTCTCTGCGCCTCTCCTGTGCAGCCTCTGGATTCACCTTCAGTAGCTACTGGATGAGCTGGGTCCGCCAGGCTCCAGGGAAGGGCCTGGAGTGGGTCTCAGCCATTAGTAATGGTGGTGGTAGCACATACTACGCCGACTCCGTGAAGGGCCGATTCACCATCTCCAGAGACAACGCCAAGAACACGCTGTATCTGCAAATGACCAGCCTGAAAGCTGACGACACGGCCGTGTATTACTGTGCGAGGGA
IGH_scaffold_58_arrow_ctg1	+	139739	139768	CACAGTG	GTCAGAAAC	IGHV1-46*01	+	88.47457627118641	32	139444	AGGTCCAGCTGGTGCAGCCTGGGGCTGAGGTGAGGAAGCCTGGGGCCTCCATGAAGGTGTCCTGCAAGGCTTCCGGATACACCTTCACCAGCTCTTATATGCACTGGGTGCGACAGGCCCCGGGACAAGGGCTTGAGTGGATGGGACGAATTGACCCTGAAGATAGTGACACAAAGTACGCACAGAAGTTCCAGGGCAGAGTCACCATCACCGCAGACACGTCCACCAGCACAGCCTACATGGAGCTGAGCAGTCTGAGACCGGAGGACACGGCCGTGTATTACTGTGCGAGGGA
IGH_scaffold_58_arrow_ctg1	+	41609	41638	CACAGTG	GTCAGAAAC	IGHV1-2*01	+	89.15254237288141	33	41314	AGGTCCAGCTGGTGCAGCCTGGGGCTGAGGTGAGGAAGCCTGGGGCCTCCGTGAAGGTGTCCTGCAAGGCTTCCGGATACACCTTCACCAGCTACGGGATGCACTGGGTGCGACAGGCCCCGGGACAAGGGCTTGAGTGGATGGGATATATCTACGCTAACAGTGGTGGTACAGACTACGCACAGAAGTTCCAGGGCAGAGTCACCATCACCGCAGACAAATCCACCAGCACAGCCTACATGGAGCTGAGCAGTCTGAGACCTGAGGACACGGCCGTGTATTACTGTGCGAGGGA
IGH_scaffold_58_arrow_ctg1	+	173726	173755	CACAGTG	GACACAAAC	IGHV3-21*01	+	91.2162162162162	67	173430	GAGGTGCAGCTGGTGGAGTCTGGGGGAGGCTTGGTGCAGCCTGGGGGGTCTCTGCGCCTCTCCTGTGCAGCCTCTGGATTCACCTTCAGTGACTACAGCATGGACTGGGTCCGCCAGGCTCCAGGGAAGGGACTAGAGTGGGTCTCATACATTAGTAGTGGTGGTGGTTACATATACTACGCCGACTCCGTGAAGGGCCGATTCACCATCTCCAGAGACAACGCCAAGAACACGCTGTATCTGCAAATGACCAGCCTGAGAGCTGACGACACGGCCGTGTATTACTGTGCGAAGGA
IGH_scaffold_58_arrow_ctg1	+	207126	207155	CACAGTG	GACACAAAC	IGHV4-28*01	+	82.7702702702703	35	206846	CAGGTTCAGCTGCAGGAGTCGGGCCCAGGACTGGTGAAGCCCTCGCAGACCCTGTCCCTCACCTGCGCTATCTCTGGTTACTCCATCACCAGTGATTTCTGCAGCCCCCGGGGAAGGGACTGGAGTGGATCGGGGTCATATGTTATGATGGGAGCACTAACTACAGCCCGTCCCTCAAGAGCCGCACCTCCATCTCCAGAGACACGTCCAAGAACCAGTTCTCCCTGCAGCTGAAATCTGTGACCACCGAGGACACGGCCGTGTATTACCGTGCGAGGGA
IGH_scaffold_58_arrow_ctg1	+	76461	76491	CACAGTG	CAGAAACCC	IGHV1-46*01	+	89.15254237288141	31	76166	AGGTCCAGCTTGTGCAGCCTGGGGCTGAGGTGAGGAAGCCTGGGGCCTCCGTGAAGGTGTCCTGCAAGGCTTCCGGATACACCTTCACCAGCTACAATATGCACTGGGTGCGACAGGCCCCAGGACAAGGGCTTGAGTGGATGGGACGAATTGACCCTGAAAATAGTAGCACAAAGTACGCACAGAAGTTCCAGGGCAGATTCACCATCACCGCAGACACGTCCACCAGCACAGCCTACATGGAGCTGAGCAGTCTGAGACCTGAGGACACGGCCGTGTATTACTGTGCGAGGGA
IGH_scaffold_58_arrow_ctg1	+	144612	144641	CACAGTG	GACACAAAC	IGHV3-23*01	+	90.87837837837841	45	144316	GAGGTGCAGCTGGTGGAGTCTGGGGGAGGCTTGGTGCAGCCTGGGGGGTCTCTGCGCCTCTCCTGTGCAGCCTCTGGATTCACCTTCAGTAGCTACTGGATGAGCTGGGTCCGCCAGGCTCCAGGGAAGGGCCTGGAGTGGGTCTCAGCCATTAGTAATGGTGGTGGTAGCACATACTACGCCGACTCCGTGAAGGGCCGATTCACCATCTCCAGAGACGACGCCAAGAACACGTTGTATCTGCAAATGACCAGCCTGAGAGCTGACGACACGGCCGTGTATTACTGTGCGAGTGA
IGH_scaffold_58_arrow_ctg1	+	13878	13907	CACAGTG	GACACAAAC	IGHV3-21*01	+	90.87837837837841	45	13582	GAGGTGCAGCTGGTAGAGTCTGGGGGAGGCTTGGTGCAGCCTGGGGCGTCTCTGCGCCTCTCCTGTGCAGCCTCTGGATTCACCTTCAGTAGCTATGGCATGAGCTGGGTCCGCCAGGCTCCAGGGAAGGGCCTGGTGTGGGTCTCATACATTAGTAGTGGTGGTAGTTACATAAACTACGCCGACTCCGTGAAGGGCCGATTCACCATCTCCAGAGACAACAACAAGAACACGCTGTATCTGCAAATGACCAGCCTGAGAGCTGATGACACGGCCGTGTATTACTGTGCGAGTGA
IGH_scaffold_58_arrow_ctg1	+	178991	179022	CACAGTG	CACAAACGT	IGHV4-30-4*02	+	73.841059602649	41	178698	CAGGTGCAGCTGCAGGAGTCGGGCCCAGGACTGGTGAAGCCCTCGCACACCCTGTCCCTCACCTGCACTGTCTCTGGATTCTCTTTAACCAGCTATCATGTGCACTGGACACGCCAGGCTCCAGGAAAGCGGCTGGAGTGGGTTGGTGCTGTATGGAGTGGTGGAAGCACAGGCTATAACCCAACGCTTAAGTCCCGGCTCATCATCACCAGGGAAACCTCCAAGAGCCAAGTTTATTTAACAGTGAAGAGTCTGACAGCCGAGGACACGGCCGTGTATTACTGTGCGAGGGA
IGH_scaffold_58_arrow_ctg1	+	113982	114011	CACAGTG	GTCAGAAAC	IGHV1-2*01	+	91.156462585034	34	113687	AGGTCCAGCTGGTGCAGCCTGGGGCTGAGGTGAGGAAGCCTGGGGCCTCCGTGAAGGTGTCCTGCAAGGCTTCCGGATACACCTTCACCAGTAACTATATGCACTGGGTGCGACAGGCCCCAGGACAAGGTCTTGAGTGGATGGGATGGATCTACCCTGGCAGTGGTGGCACAAACTACGCACAGAAGTTCCAGGGCAGAGTCACCATCACCACAGACACGTCCACCAGCACAGCCTACATGGAGCTGAGCAGTCTGAGACCTGAGGACACGGCCGTGTATTACTGTGCGAGGGG
IGH_scaffold_58_arrow_ctg1	+	82458	82487	CACAGTG	GACACAAAC	IGHV3-7*01	+	88.88888888888891	67	82162	GAGGTGCAGCTGGTGGAGTCTGGGGGAGGCTTTGTGCAGCCTGGGGGGTCTCTGCGCCTCTCCTGTGCAGCCTCTGGATTCACCTTCAGTAGCTACTGGATGAGCTGGGTCCGCCAGGCTCCAGGGAAGGGGCTGCAATGGGTTGGTCAAATTAATACTGATGGAAGTAGCACATACTACGCCGACTCCGTGAAGGGCCGATTCACCATCTCCAGAGACAACGCCAAGAACACGCTGTATCTGCAAATGACCAGCCTGAAAGCTGACGACACGGCCGTGTATTACTGTGCGACGGA
IGH_scaffold_58_arrow_ctg1	+	149850	149881	CACAGTG	CACAAACGT	IGHV4-30-4*02	+	73.841059602649	41	149557	CAGGTGCAGCTGCAGGAGTCGGGCCCAGGACTGGTGAAGCCCTCGCAGACCCTGTCCCTCACCTGCACTGTCTCTGGATTCTCTTTAACCAGCTATCATGTGCACTGGACACGCCAGGCTCCAGGAAAGCGGCTGGAGTGGGTTGGTGCTGTATGGAGTGGTGGAAGCACAGGCTATAACCCAACGCTTAAGTCCCGGCTCATCATCACCAGGGAAACCTCAAAGAGCCAAGTTTATTTAACAGTGAAGAGTCTGACAGCCGAGGACACGGCCGTGTATTACTGTGCGAGGGA
IGH_scaffold_58_arrow_ctg1	+	184861	184890	CACAGTG	GTCAGAAAC	IGHV1-2*01	+	87.45762711864408	34	184567	AGGTCCAGCTGGTGCAGCCTGGGGCTGAGTGAGGAAGCCTGGGGCCTCCGTGAAGGTGTCCTGCAAGGCTTCCGGATACACCTTCACCAGCTACTGGATGCAATGGGTGCGACAGGCCCCAGGACAAGGGCTTGAGTGGATAGGGGAGATCTATGCAGGCAATGGTGGCACAAACTACGCACAGAAGTTCCAGGGCAGAGTCACCATCACCGCAGACACGTCCACCAGCACAGCCTACATGGAGCTGAGCAGTCTGAGACCTGAGGACACAGCCGTGTATTACTGTGCGAGGGA
IGH_scaffold_58_arrow_ctg1	+	119553	119582	CACAGTG	GACACAAAC	IGHV3-23*01	+	90.5405405405405	39	119257	GAGGTGCAGCTGGTGGAGTCTGGGGGAGGCTTGGTGCAGCCTGGGGGGTCTCTGCGCCTCTCCTGTGCAGCCTCAGGTTTCACCTTCAGTAGCTATTGCATGGACTGGGTCCGCCAGGCTCCAGGGAAGGGACTAGAGTGGGTCTCATACATTAGTAGCAGTGGTGGTAGCACATACTACGCCGACTCCGTGAAGGGCCGATTCACCATCTCCAGAGACAATGCCAAGAACACGCTGTATCTGCAAATGACCAGCCTGAGAGCTGACGACACGGCCGTGTATTACTGTGGGAAGGA
IGH_scaffold_58_arrow_ctg1	+	89320	89350	CACAGTG	CAGAAACCC	IGHV1-46*01	+	93.2203389830509	37	89025	AGGTCCAGCTGGTGCAGCCTGGGGCTGAGGTGAGGAAGCCTGGGGCCTCCGTGAAGGTGTCCTGCAAGGCTTCCGGATACACCTTCACCAGCTACAATATGCACTGGGTGCGACAGGCCCCAGGACAAGGGCTTGAGTGGATGGGATATATCAACCCTAGTAGTGGTGGCACAAGCTACGCACAGAAGTTCCAGGGCAGAGTCACTATGACCAGGGACACGTCCACCAGCACAGCCTACATGGAGCTGAGCAGTCTGAGACCTGAGGACACGGCCGTGTATTACTGTGCGAGGGA
IGH_scaffold_58_arrow_ctg1	+	155718	155747	CACAGTG	GTCAGAAAC	IGHV1-2*01	+	87.5838926174497	31	155420	AGGTCCAGCTGGTGCAGCCTGGGGCTGAGGTGAGGAAGGAGCCTGGGGCCTCCGTGAAGGTGTCCTGCAAGGCTTCCGGATACACCTTCACCAGCTACTGGATGCAATGGGTGCGACAGGCCCCAGGACAAGGGCTTGAGTGGATAGGGGAGATCTATGCAGGCAATGGTGGCACAAACTATGCGCAGAAGTTCCAGGGCAGAGTCACCATCACCACAGACACGTCCACCAGCACAGCCTACATGGAGCTGAGCAGTCTGAGACCTGAGGACACGGCCGTGTATTACTGTGCGAGTGA
IGH_scaffold_58_arrow_ctg1	+	25597	25626	CACAGTG	GTCAGAAAC	IGHV1-2*01	+	89.15254237288141	40	25302	AGGTCCAGCTGGTGCAGCCTGGGGCTGAGGTGAGGAAGCCTGGGGCCTCCGTGAAGGTGTCCTGCAAGGCTTCCGGATACACCTTCACCAGCTACAATATGCACTGGGTGAGACAGGCCCCAGGACAAGGGCTTGAATGGATGGGATATATCTACCCTAACAGTGGTGGCACAAGCTACGCACAGAAGTTCCAGGGCAGAGTCACCATCACCGCAGACAAATCCACCAGCACAGCCTACATGGAGCTGAGCAGTCTGAGACCTGAGGACACAGCTGTGTATTACTGTGCGAGGGA
IGH_scaffold_58_arrow_ctg1	+	189721	189750	CACAGTG	GACACAAAC	IGHV3-30*02	+	92.8813559322034	70	189426	AGGTGCAGCTGGTGGAGTCTGGGGGAGGCTTGGTGCAGCCTGGGGGGTCTCTGCGACTCTCCTGTGCAGCCTCTGGATTCACCTTCAGTAGCTATGGCATGCACTGGGTCCGCCAGGCTCCAGGGAAGGGCCTGGAGTGGGTGGCAGTTATATGGTATGATGGAAGTCAGAAATACTACGCCGACTCCGTGAAGGGCCGATTCACCATCTCCAGAGACAACAACAAGAACACGCTGTATCTGCAAATGACCAGCCTGAGAGCCGATGACACGGCCGTGTATTACTGTACGAAGGA
IGH_scaffold_58_arrow_ctg1	+	125016	125045	CACAGTG	GACACAAAC	IGHV4-28*01	+	86.4864864864865	36	124720	CAGGTGCAGCTGCAGGAGTCGGGCCCAGGACTGGTGCAACCCTCGCAGACCCTGTCCCTCACCTGCGCTGTCTCTGGATTCTCCATCACCAGTGGTTACTGCTGGCACTGGATCCGACAGCCCCCGGGGAAGGGACTGGAGTGGATCGGGCGCATATGCTATAATGGGAACACATACTACAGCCCGTCCCTCAAGAGCCGCTCCTCCATCTCCAGAGACACGTCCAAGAACCAGTTCTCCCTGCAGCTGAGCTCTGTGACCACCGAGGACACGGCCGTGTATTACTGTGCGAGGGA
IGH_scaffold_58_arrow_ctg1	+	60042	60071	CACAGTG	GTCAGAAAC	IGHV1-2*01	+	88.8135593220339	31	59747	AGGTCCAGCTGGTGCAGCCTGGGGCTGAGGTGAGGAAGCCTGGGGCCTCCGTGAAGGTGTCCTGCAAGGCTTCCGGATACACCTTCACTGACTACTATATGCACTGGGTGCGACAGGCCCCAGGACAAGGGCTTGAGTGGATAGGGGAGATCTATGCAGGCAATGGTGGCACAAAGTATGCACAGAAGTTCCAGGGCAGAGTCACCATCACCGCAGACACGTCCACCAGCACAGCCTACATGGAGCTGAGCAGTCTGAGACCTGAGGACACGGCCGTGTATTACTGTGCGAGGGA
IGH_scaffold_58_arrow_ctg1	+	94200	94229	CACAGTG	GACACAAAC	IGHV3-23*01	+	91.2162162162162	45	93904	GAGGTGCAGCTGGTGGAGTCTGGGGGAGGCTTGGTGCAGCCTGGGGGGTCTCTGCGCCTCTCCTGTGCAGCCTCTGGATTCACCTTCAGTAGCTACTGGATGAGCTGGGTCCGCCAGGCTCCAGGGAAGGGCCTGGAGTGGGTCTCAGCCATTAGTAATGGTGGTGGTAGCACATACTATGCCGACTCCGTGAAGGGCCGATTCACCATCTCCAGAGACGACGCCAAGAACACGCTGTATCTGCAAATGACCAGCCTGAGAGCCGACGACACGGCCGTGTATTACTGTGCGACGGA
IGH_scaffold_58_arrow_ctg1	+	160576	160605	CACAGTG	GACACAAAC	IGHV3-23*01	+	90.5405405405405	45	160280	GAGGTGCAGCTGGTGGAGTCTGGGGGAGGCTTGGTGCAGCCTGGGGGGTCTCTGCGCCTCTCCTGTGCAGCCTCTGGATTCACCTTCAGTAGCTACTGGATGAGCTGGGTCCGCCAGGCTCCAGGGAAGGGCCTGGAGTGGGTCTCAGCCATTAGTAATGGTGGTGGTAGCACATACTACGCCGACTCTGTGAAGGGCCGATTCACCATCTCCAGAGACGACGCCAAGAACACGTTGTATCTGCAAATGACCAGCCTGAGAGCCGACGACATGGCCGTGTATTACTGTGCGACGGA
IGH_scaffold_58_arrow_ctg1	+	29607	29636	CACAGTG	GTCAGAAAC	IGHV1-46*01	+	88.13559322033899	31	29312	AGGTCCAGCTGGTGCAGCCTGGGGCTGAGGTGAGGAAGCCTGGGGCCTCCGTGAAGGTGTCCTGCAAGGCTTCCGGATACACCTTCACCAGCTACTTTATGCACTGGGTGCGACAGGCCCCGGGACAAGGGCTTGAGTGGATGGGACGAATAGACCCTTCGGATAGTGATACAAAGTACGCACAGAAGTTCCAGGGCAGACTCACCATCACCGCAGACAAATCCACCAGCACAGCCTACATGGAGCTGAGCAGTCTGAGACCTGAGGACACGGCCGTGTATTACTGTGCGAGGGA
IGH_scaffold_58_arrow_ctg1	+	64904	64933	CACAGTG	GACACAAAC	IGHV3-23*01	+	90.2027027027027	45	64608	GAGGTGCAGCTGGTGGAGTCTGGGGGAGGCTTGGTGCAGCCTGGGGGGTCTCTGCGCCTCTCCTGTGCAGCCTCTGGATTCACCTTCAGTAGCTACTGGATGAGCTGGGTCCGCTAGGCTCCAGGGAAGGGCCTGGAGTGGGTCTCAACCATTAGTAATGGTGGTGGTAGCACATACTATGCCGACTCCGTGAAGGGCCGATTCACCATCTCCAGAGACGACGCCAAGAACACGTTGTATCTGCAAATGACCAGCCTGAGAGCCGACGACACGGCCGTGTATTACTGTGCGAGGGA
